{
  "locator_domain": "wawa.com",
  "page_url": "https://www.wawa.com/Handlers/LocationByLatLong.ashx?limit=500&lat=39.6102&long=-75.6747",
  "location_name": "WAWA, STORE # 8015",
  "store_number": "08015",
  "street_address": "901 EAST BALTIMORE PIKE",
  "city": "KENNETT SQUARE",
  "state": "PA",
  "zip": "19348-1802",
  "country_code": "US",
  "latitude": 39.864005,
  "longitude": -75.67945,
  "phone": "6103886400",
  "hours_of_operation": "00:00:00-00:00:00",
  "location_type": "<MISSING>"
}