{
  "locator_domain": "wawa.com",
  "page_url": "https://www.wawa.com/Handlers/LocationByLatLong.ashx?limit=500&lat=61.2116&long=-149.8761",
  "location_name": "WAWA, STORE # 0272",
  "store_number": "00272",
  "street_address": "1095 SOUTH WEST END BOULEVARD",
  "city": "QUAKERTOWN",
  "state": "PA",
  "zip": "18951-2633",
  "country_code": "US",
  "latitude": 40.417793,
  "longitude": -75.34321,
  "phone": "2155381634",
  "hours_of_operation": "00:00:00-00:00:00",
  "location_type": "<MISSING>"
}