{
  "locator_domain": "wawa.com",
  "page_url": "https://www.wawa.com/Handlers/LocationByLatLong.ashx?limit=500&lat=39.8028&long=-105.0875",
  "location_name": "WAWA, STORE # 8617",
  "store_number": "08617",
  "street_address": "10060 JEFFERSON DAVIS HIGHWAY",
  "city": "FREDERICKSBURG",
  "state": "VA",
  "zip": "22407",
  "country_code": "US",
  "latitude": 38.225972,
  "longitude": -77.50693,
  "phone": "5407107970",
  "hours_of_operation": "00:00:00-00:00:00",
  "location_type": "<MISSING>"
}