{
  "locator_domain": "wawa.com",
  "page_url": "https://www.wawa.com/Handlers/LocationByLatLong.ashx?limit=500&lat=39.6102&long=-75.6747",
  "location_name": "WAWA, STORE # 0289",
  "store_number": "00289",
  "street_address": "100 PONDS EDGE DRIVE @ RT. 272",
  "city": "NOTTINGHAM",
  "state": "PA",
  "zip": "19362-9789",
  "country_code": "US",
  "latitude": 39.750828,
  "longitude": -76.02265,
  "phone": "6109327161",
  "hours_of_operation": "00:00:00-00:00:00",
  "location_type": "<MISSING>"
}