{
  "locator_domain": "wawa.com",
  "page_url": "https://www.wawa.com/Handlers/LocationByLatLong.ashx?limit=500&lat=39.8028&long=-105.0875",
  "location_name": "WAWA, STORE # 0660",
  "store_number": "00660",
  "street_address": "1140 CARL D. SILVER PARKWAY",
  "city": "FREDERICKSBURG",
  "state": "VA",
  "zip": "22401",
  "country_code": "US",
  "latitude": 38.297254,
  "longitude": -77.51373,
  "phone": "5407853438",
  "hours_of_operation": "00:00:00-00:00:00",
  "location_type": "<MISSING>"
}