{
  "locator_domain": "wawa.com",
  "page_url": "https://www.wawa.com/Handlers/LocationByLatLong.ashx?limit=500&lat=38.9122&long=-77.0177",
  "location_name": "WAWA, STORE # 0669",
  "store_number": "00669",
  "street_address": "5362 JAMES MADISON HIGHWAY",
  "city": "KING GEORGE",
  "state": "VA",
  "zip": "22485-5355",
  "country_code": "US",
  "latitude": 38.339674,
  "longitude": -77.07762,
  "phone": "5406448045",
  "hours_of_operation": "00:00:00-00:00:00",
  "location_type": "<MISSING>"
}