{
  "locator_domain": "wawa.com",
  "page_url": "https://www.wawa.com/Handlers/LocationByLatLong.ashx?limit=500&lat=30.0933&long=-81.719",
  "location_name": "WAWA, STORE # 5186",
  "store_number": "05186",
  "street_address": "1390 E ALTAMONTE DRIVE",
  "city": "ALTAMONTE SPRINGS",
  "state": "FL",
  "zip": "32701-5012",
  "country_code": "US",
  "latitude": 28.663017,
  "longitude": -81.345949,
  "phone": "4072620338",
  "hours_of_operation": "00:00:00-00:00:00",
  "location_type": "<MISSING>"
}