{
  "locator_domain": "wawa.com",
  "page_url": "https://www.wawa.com/Handlers/LocationByLatLong.ashx?limit=500&lat=41.629&long=-72.3646",
  "location_name": "WAWA, STORE # 0365",
  "store_number": "00365",
  "street_address": "337 APPLEGARTH RD. SUITE 1A",
  "city": "MONROE TOWNSHIP",
  "state": "NJ",
  "zip": "08831",
  "country_code": "US",
  "latitude": 40.323018,
  "longitude": -74.470379,
  "phone": "6093959275",
  "hours_of_operation": "00:00:00-00:00:00",
  "location_type": "<MISSING>"
}