{
  "locator_domain": "wawa.com",
  "page_url": "https://www.wawa.com/Handlers/LocationByLatLong.ashx?limit=500&lat=41.629&long=-72.3646",
  "location_name": "WAWA, STORE # 0986",
  "store_number": "00986",
  "street_address": "885 CRANBURY- SOUTH RIVER ROAD",
  "city": "JAMESBURG",
  "state": "NJ",
  "zip": "08831-3034",
  "country_code": "US",
  "latitude": 40.378687,
  "longitude": -74.455314,
  "phone": "7325212915",
  "hours_of_operation": "00:00:00-00:00:00",
  "location_type": "<MISSING>"
}