{
  "locator_domain": "wawa.com",
  "page_url": "https://www.wawa.com/Handlers/LocationByLatLong.ashx?limit=500&lat=38.2608&long=-85.0651",
  "location_name": "WAWA, STORE # 0673",
  "store_number": "00673",
  "street_address": "6001 IRONBRIDGE ROAD",
  "city": "NORTH CHESTERFIELD",
  "state": "VA",
  "zip": "23234-5225",
  "country_code": "US",
  "latitude": 37.435069,
  "longitude": -77.48913,
  "phone": "8042755484",
  "hours_of_operation": "00:00:00-00:00:00",
  "location_type": "<MISSING>"
}