{
  "locator_domain": "wawa.com",
  "page_url": "https://www.wawa.com/Handlers/LocationByLatLong.ashx?limit=500&lat=36.0065&long=-80.4463",
  "location_name": "WAWA, STORE # 0684",
  "store_number": "00684",
  "street_address": "15840 JEFFERSON DAVIS HIGHWAY",
  "city": "COLONIAL HEIGHTS",
  "state": "VA",
  "zip": "23834-5202",
  "country_code": "US",
  "latitude": 37.306045,
  "longitude": -77.409794,
  "phone": "8045266022",
  "hours_of_operation": "00:00:00-00:00:00",
  "location_type": "<MISSING>"
}