{
  "locator_domain": "wawa.com",
  "page_url": "https://www.wawa.com/Handlers/LocationByLatLong.ashx?limit=500&lat=61.2116&long=-149.8761",
  "location_name": "WAWA, STORE # 0275",
  "store_number": "00275",
  "street_address": "2126 - 2132 LINCOLN HIGHWAY EA",
  "city": "LANCASTER",
  "state": "PA",
  "zip": "17602-1110",
  "country_code": "US",
  "latitude": 40.029484,
  "longitude": -76.230393,
  "phone": "7174815240",
  "hours_of_operation": "00:00:00-00:00:00",
  "location_type": "<MISSING>"
}