{
  "locator_domain": "wawa.com",
  "page_url": "https://www.wawa.com/Handlers/LocationByLatLong.ashx?limit=500&lat=39.8028&long=-105.0875",
  "location_name": "WAWA, STORE # 0674",
  "store_number": "00674",
  "street_address": "3850 N. BAILEY BRIDGE ROAD",
  "city": "MIDLOTHIAN",
  "state": "VA",
  "zip": "23112-2912",
  "country_code": "US",
  "latitude": 37.434614,
  "longitude": -77.610548,
  "phone": "8042774131",
  "hours_of_operation": "00:00:00-00:00:00",
  "location_type": "<MISSING>"
}