{
  "locator_domain": "wawa.com",
  "page_url": "https://www.wawa.com/Handlers/LocationByLatLong.ashx?limit=500&lat=36.0065&long=-80.4463",
  "location_name": "WAWA, STORE # 8634",
  "store_number": "08634",
  "street_address": "7847 COMPASS POINT LANE",
  "city": "MECHANICSVILLE",
  "state": "VA",
  "zip": "23111-6515",
  "country_code": "US",
  "latitude": 37.613293,
  "longitude": -77.328321,
  "phone": "8045696149",
  "hours_of_operation": "00:00:00-00:00:00",
  "location_type": "<MISSING>"
}