{
  "locator_domain": "wawa.com",
  "page_url": "https://www.wawa.com/Handlers/LocationByLatLong.ashx?limit=500&lat=38.9122&long=-77.0177",
  "location_name": "WAWA, STORE # 0588",
  "store_number": "00588",
  "street_address": "30320 THREE NOTCH ROAD",
  "city": "CHARLOTTE HALL",
  "state": "MD",
  "zip": "20622-3189",
  "country_code": "US",
  "latitude": 38.501543,
  "longitude": -76.773898,
  "phone": "3012905971",
  "hours_of_operation": "00:00:00-00:00:00",
  "location_type": "<MISSING>"
}