{
  "locator_domain": "wawa.com",
  "page_url": "https://www.wawa.com/Handlers/LocationByLatLong.ashx?limit=500&lat=45.2345&long=-69.5699",
  "location_name": "WAWA, STORE # 0916",
  "store_number": "00916",
  "street_address": "800 RT. 202 (@ SUMNER RD).",
  "city": "NESHANIC STATION",
  "state": "NJ",
  "zip": "08853-3606",
  "country_code": "US",
  "latitude": 40.532371,
  "longitude": -74.77739,
  "phone": "9088060553",
  "hours_of_operation": "00:00:00-00:00:00",
  "location_type": "<MISSING>"
}