{
  "locator_domain": "wawa.com",
  "page_url": "https://www.wawa.com/Handlers/LocationByLatLong.ashx?limit=500&lat=39.8028&long=-105.0875",
  "location_name": "WAWA, STORE # 0657",
  "store_number": "00657",
  "street_address": "12001 SOUTHSHORE POINT DR.",
  "city": "MIDLOTHIAN",
  "state": "VA",
  "zip": "23112-2088",
  "country_code": "US",
  "latitude": 37.405186,
  "longitude": -77.66518,
  "phone": "8046392015",
  "hours_of_operation": "00:00:00-00:00:00",
  "location_type": "<MISSING>"
}