{
  "locator_domain": "wawa.com",
  "page_url": "https://www.wawa.com/Handlers/LocationByLatLong.ashx?limit=500&lat=38.9122&long=-77.0177",
  "location_name": "WAWA, STORE # 0568",
  "store_number": "00568",
  "street_address": "4210 CRAIN HWY (@ BILLINGSLEY)",
  "city": "WHITE PLAINS",
  "state": "MD",
  "zip": "20695-3000",
  "country_code": "US",
  "latitude": 38.595198,
  "longitude": -76.937156,
  "phone": "3016450831",
  "hours_of_operation": "00:00:00-00:00:00",
  "location_type": "<MISSING>"
}