{
  "locator_domain": "wawa.com",
  "page_url": "https://www.wawa.com/Handlers/LocationByLatLong.ashx?limit=500&lat=39.8028&long=-105.0875",
  "location_name": "WAWA, STORE # 0663",
  "store_number": "00663",
  "street_address": "10626-1063 COURTHOUSE ROAD",
  "city": "FREDERICKSBURG",
  "state": "VA",
  "zip": "22407-1602",
  "country_code": "US",
  "latitude": 38.247741,
  "longitude": -77.5151,
  "phone": "5408984278",
  "hours_of_operation": "00:00:00-00:00:00",
  "location_type": "<MISSING>"
}