{
  "locator_domain": "wawa.com",
  "page_url": "https://www.wawa.com/Handlers/LocationByLatLong.ashx?limit=500&lat=33.4484&long=-112.074",
  "location_name": "WAWA, STORE # 5129",
  "store_number": "05129",
  "street_address": "9501 BAY PINES BLVD",
  "city": "SAINT PETERSBURG",
  "state": "FL",
  "zip": "33708-3784",
  "country_code": "US",
  "latitude": 27.8146472,
  "longitude": -82.7710762,
  "phone": "7273911483",
  "hours_of_operation": "00:00:00-00:00:00",
  "location_type": "<MISSING>"
}