{
  "locator_domain": "wawa.com",
  "page_url": "https://www.wawa.com/Handlers/LocationByLatLong.ashx?limit=500&lat=39.6102&long=-75.6747",
  "location_name": "WAWA, STORE # 0034",
  "store_number": "00034",
  "street_address": "504 WEST CYPRESS (@ WASHINGTON",
  "city": "KENNETT SQUARE",
  "state": "PA",
  "zip": "19348-3213",
  "country_code": "US",
  "latitude": 39.844553,
  "longitude": -75.71734,
  "phone": "6104449949",
  "hours_of_operation": "00:00:00-00:00:00",
  "location_type": "<MISSING>"
}