{
  "locator_domain": "wawa.com",
  "page_url": "https://www.wawa.com/Handlers/LocationByLatLong.ashx?limit=500&lat=38.2608&long=-85.0651",
  "location_name": "WAWA, STORE # 0670",
  "store_number": "00670",
  "street_address": "11021 IRON BRIDGE ROAD (RT. 10",
  "city": "CHESTER",
  "state": "VA",
  "zip": "23831-1440",
  "country_code": "US",
  "latitude": 37.364281,
  "longitude": -77.497729,
  "phone": "8047066623",
  "hours_of_operation": "00:00:00-00:00:00",
  "location_type": "<MISSING>"
}