{
  "locator_domain": "wawa.com",
  "page_url": "https://www.wawa.com/Handlers/LocationByLatLong.ashx?limit=500&lat=38.9122&long=-77.0177",
  "location_name": "WAWA, STORE # 0562",
  "store_number": "00562",
  "street_address": "163 SOUTHEAST CRAIN HIGHWAY",
  "city": "UPPER MARLBORO",
  "state": "MD",
  "zip": "20774-8804",
  "country_code": "US",
  "latitude": 38.889263,
  "longitude": -76.72025,
  "phone": "3012183154",
  "hours_of_operation": "06:00:00-23:00:00",
  "location_type": "<MISSING>"
}