{
  "locator_domain": "wawa.com",
  "page_url": "https://www.wawa.com/Handlers/LocationByLatLong.ashx?limit=500&lat=61.2116&long=-149.8761",
  "location_name": "WAWA, STORE # 0147",
  "store_number": "00147",
  "street_address": "2709 NORTH MERIDIAN BOULEVARD",
  "city": "WYOMISSING",
  "state": "PA",
  "zip": "19610-3331",
  "country_code": "US",
  "latitude": 40.355336,
  "longitude": -75.98064,
  "phone": "6103720333",
  "hours_of_operation": "00:00:00-00:00:00",
  "location_type": "<MISSING>"
}